{
  "timestamp": "2026-03-04T03:41:33.900Z",
  "dataset": "ArgumentAnnotatedEssays",
  "essaysProcessed": 90,
  "spanIoUThreshold": 0.5,
  "aduF1": {
    "precision": 0.6597089947089946,
    "recall": 0.2595712709950494,
    "f1": 0.3666425822443356,
    "byType": {
      "MajorClaim": {
        "precision": 1,
        "recall": 0.5333333333333333,
        "f1": 0.6956521739130436
      },
      "Claim": {
        "precision": 1,
        "recall": 0.351981351981352,
        "f1": 0.5206896551724138
      },
      "Premise": {
        "precision": 1,
        "recall": 0.16553727008712488,
        "f1": 0.2840531561461794
      }
    },
    "spanIoU": {
      "meanOfMatched": 0.9325726916130956,
      "meanBestPerGt": 0.23043437687544996,
      "matchedPairs": 370,
      "totalGtComponents": 1552
    }
  },
  "edgeF1": {
    "precision": 0.25111111111111095,
    "recall": 0.07026884053923939,
    "f1": 0.10707553311672328
  },
  "roleAlignment": {
    "accuracy": 0.6486486486486487,
    "correct": 240,
    "total": 370
  }
}