{
  "timestamp": "2026-03-04T04:11:38.732Z",
  "dataset": "ArgumentAnnotatedEssays",
  "essaysProcessed": 90,
  "spanIoUThreshold": 0.5,
  "aduF1": {
    "precision": 0.8862782587782588,
    "recall": 0.4026390505430417,
    "f1": 0.5417559344116668,
    "byType": {
      "MajorClaim": {
        "precision": 1,
        "recall": 0.7333333333333333,
        "f1": 0.846153846153846
      },
      "Claim": {
        "precision": 1,
        "recall": 0.5337995337995338,
        "f1": 0.696048632218845
      },
      "Premise": {
        "precision": 1,
        "recall": 0.26524685382381413,
        "f1": 0.4192807957153787
      }
    },
    "spanIoU": {
      "meanOfMatched": 0.9323749521479645,
      "meanBestPerGt": 0.3549362770591171,
      "matchedPairs": 569,
      "totalGtComponents": 1552
    }
  },
  "edgeF1": {
    "precision": 0.30345238095238086,
    "recall": 0.10122083659560223,
    "f1": 0.14589169934013876
  },
  "roleAlignment": {
    "accuracy": 0.6695957820738138,
    "correct": 381,
    "total": 569
  }
}