{
  "timestamp": "2026-03-04T06:36:52.934Z",
  "dataset": "ArgSum-Task1-devset",
  "itemsIngested": 55,
  "adusExtracted": 108,
  "topicsEvaluated": 1,
  "vectorThreshold": 0.65,
  "candidateLimit": 5,
  "metric": "per-item-dedup-F1",
  "note": "TP=correctly merged to existing group canonical, FP=merged to wrong group or spurious merge, FN=should have merged but did not, TN=correctly novel",
  "allItems": {
    "precision": 0.42857142857142855,
    "recall": 0.15384615384615385,
    "f1": 0.22641509433962267,
    "tp": 6,
    "fp": 8,
    "fn": 33,
    "tn": 8
  },
  "label1Only": {
    "precision": 0.45454545454545453,
    "recall": 0.1388888888888889,
    "f1": 0.21276595744680854,
    "tp": 5,
    "fp": 6,
    "fn": 31,
    "tn": 7
  },
  "byTopic": {
    "We should abandon the use of school uniform": {
      "precision": 0.42857142857142855,
      "recall": 0.15384615384615385,
      "f1": 0.22641509433962267,
      "tp": 6,
      "fp": 8,
      "fn": 33,
      "tn": 8
    }
  }
}